 {
  "swagger": "2.0",
  "info": {
    "version": "1.0.0", 
    "title": "TPMS INTERNAL API",
    "description": "TPMS API",
    "license": {
      "name": "MIT",
      "url": "https://opensource.org/licenses/MIT"
    }
  },
  "host": "localhost:8000",
  "basePath": "/",
  "tags": [
    {
      "name": "login",
      "description": "API for users in the system"
    },
      {
      "name": "Appointment",
      "description": "API for users in the system"
    }
  ],

  "schemes": ["http"],
  "consumes": ["application/json"],
  "produces": ["application/json"]  
}


